Time,Robot Y pose,Robot Y velocity,Robot Tires vel,Robot Tires torque
0.4627726078033447,-0.07547831736333344,-0.9083116874663809,11,25
0.47950029373168945,-0.0617144599199825,0.36027456912951755,11,25
0.49193787574768066,-0.05022311052990791,0.7120875591558167,11,25
0.5044219493865967,-0.0381870200808081,0.8278822359839622,11,25
0.5169150829315186,-0.025924902339200813,0.8963219988095054,11,25
0.529409646987915,-0.013433759983466381,0.9091498540893698,11,25
0.5419125556945801,-0.0007543816044253276,0.9783370108212344,11,25
0.5544154644012451,0.012146848832336604,1.0588290123148179,11,25
0.5669124126434326,0.025325814842514338,1.1248911342252534,11,25
0.5794122219085693,0.03894826808128768,1.172985567706175,11,25
0.5919156074523926,0.052756661351057346,1.2800112529109928,11,25
0.6044104099273682,0.06702821182990851,1.3778553302974195,11,25
0.6169250011444092,0.08191149409698656,1.4661725237035348,11,25
0.6252620220184326,0.0919650750542293,1.5628956848382363,11,25
0.6336460113525391,0.10277019484776549,1.518263886042171,11,25
0.6419811248779297,0.11402504120011137,1.5064225868346386,11,25
0.6503381729125977,0.12572732626173663,1.5248491673542146,11,25
0.6586182117462158,0.13779578628832168,1.5444624067170654,11,25
0.6669437885284424,0.15021760578088078,1.5851066904011737,11,25
0.6753444671630859,0.162988803003006,1.5914080974888287,11,25
0.6836817264556885,0.17609606277670414,1.615006808584258,11,25
0.6919515132904053,0.18954357557300014,1.6465426696674559,11,25
0.7002701759338379,0.20325708638282797,1.6787701144269265,11,25
0.7086069583892822,0.2173718257332092,1.7197262988765203,11,25
0.7169413566589355,0.23179615363186928,1.7392695496325006,11,25
0.7252695560455322,0.24657916078043118,1.773318902441971,11,25
0.733609676361084,0.26169111290538094,1.797847627456122,11,25
0.74200439453125,0.27713998991603894,1.8142829623531225,11,25
0.7502779960632324,0.2929432570959364,1.8404121395914117,11,25
0.758676290512085,0.30904259961844294,1.9657998536986132,11,25
0.7670018672943115,0.3256394246669598,1.9612180431784747,11,25
0.7753589153289795,0.34223949433809286,1.9653094086436778,11,25
0.783674955368042,0.3588776276469561,1.9639225927234991,11,25
0.7920222282409668,0.3755086174043314,1.9645441090951599,11,25
0.8003451824188232,0.39212254126688495,1.9635545861395431,11,25
0.8086962699890137,0.4087001437082944,1.9636928102347466,11,25
0.8170316219329834,0.42524870447564694,1.9647633809173894,11,25
0.8253631591796875,0.4418117566118444,1.9620798974616922,11,25
0.8337016105651855,0.458304446516739,1.9649736236945794,11,25
0.8420281410217285,0.4748000583656118,1.9606767813468797,11,25
0.8503706455230713,0.49121149814497567,1.9657383721489237,11,25
0.8587002754211426,0.5076394443102076,1.9586762426285222,11,25
0.867009162902832,0.5239850150235535,1.9660012647827696,11,25
0.8753993511199951,0.5403572568608922,1.9569573248116783,11,25
0.8836753368377686,0.556665006383912,1.9657176119443713,11,25
0.8919939994812012,0.5730176112248729,1.9625751371009086,11,25
0.9003591537475586,0.5893527683716226,1.96563702121365,11,25
0.9087052345275879,0.6056894333267981,1.961414138440681,11,25
0.9170198440551758,0.6220068776868471,1.9647672142960284,11,25
0.9253802299499512,0.6383421874281647,1.963015546292106,11,25
0.9336972236633301,0.6546325078106562,1.9636541959856815,11,25
0.9420375823974609,0.6709024468820713,1.9640353886264654,11,25
0.9503529071807861,0.6872037208310496,1.9623799004468219,11,25
0.9586942195892334,0.7034929215416221,1.9653827371233281,11,25
0.9670348167419434,0.7198533908073741,1.9603076252343392,11,25
0.9753520488739014,0.7361853647498644,1.965545528132453,11,25
0.9836969375610352,0.752567979473585,1.9584454275826353,11,25
0.9920234680175781,0.7689074208542265,1.9660224448587276,11,25
1.000335454940796,0.7853219269733958,1.9583905424131574,11,25
1.008676290512085,0.8016188539200911,1.9659168010211303,11,25
1.0170249938964844,0.8179705871575856,1.9606984917000008,11,25
1.0253188610076904,0.8343017173674805,1.9653008697402365,11,25
1.033689022064209,0.8506760694738614,1.962477052621843,11,25
1.0420138835906982,0.8670519456481465,1.96487710244255,11,25
1.0503733158111572,0.8834387104452542,1.9631324259603797,11,25
1.058692455291748,0.8998238644519119,1.9636923221111746,11,25
1.0670411586761475,0.916216408892962,1.9643671600006474,11,25
1.0753741264343262,0.9326500575553922,1.9623388835325466,11,25
1.0837194919586182,0.9490420822712156,1.9650496903148535,11,25
1.0920441150665283,0.9654673004954863,1.9608401410552183,11,25
1.100365161895752,0.9818369769046656,1.9658042766972494,11,25
1.1087017059326172,0.9982511207311272,1.9585148446215759,11,25
1.1170165538787842,1.0145956747931297,1.9657861350662673,11,25
1.1253776550292969,1.0309796716414492,1.9572161051915722,11,25
1.133685827255249,1.0473078208948694,1.965966257288615,11,25
1.141972303390503,1.063686100638082,1.9629941893849274,11,25
1.1503605842590332,1.080047878617433,1.9655974902259452,11,25
1.1587014198303223,1.0964100212526788,1.9612968764958258,11,25
1.1670055389404297,1.1127503634359808,1.9646731452170765,11,25
1.1754014492034912,1.1291042994004095,1.9626011056256727,11,25
1.183669090270996,1.1454441060978544,1.963941726537759,11,25
1.1920132637023926,1.1617998022053175,1.9641898862870821,11,25
1.200354814529419,1.1781814918754934,1.9624534982125428,11,25
1.2086758613586426,1.1945340429382287,1.9649967508901918,11,25
1.2170436382293701,1.2109129474992062,1.9607562549175632,11,25
1.2253813743591309,1.227245198414937,1.9656177631030038,11,25
1.2337324619293213,1.2436285679908412,1.9589095718204304,11,25
1.2420363426208496,1.25995764526467,1.9660817521094283,11,25
1.2503612041473389,1.2763498031409155,1.9570455953376642,11,25
1.258681297302246,1.2926803657733796,1.96575186703083,11,25
1.266972541809082,1.309049662860555,1.9638008876414073,11,25
1.2753515243530273,1.3253922072146804,1.9656085378689203,11,25
1.2837045192718506,1.341742227542251,1.9612378064582068,11,25
1.2920136451721191,1.3580789369600534,1.9649100584972568,11,25
1.300408124923706,1.3744357832925045,1.9628774397552708,11,25
1.3086731433868408,1.390782697520319,1.9636723622480918,11,25
1.3170313835144043,1.4071470108488915,1.9639171875463195,11,25
1.3253648281097412,1.4235378520996012,1.9626303997942174,11,25
1.3338134288787842,1.4399004518148133,1.9652024905666452,11,25
1.342069149017334,1.4562818990496424,1.9608237863503455,11,25
1.350374460220337,1.4726216921153776,1.9656128564714956,11,25
1.3586955070495605,1.4890139176576558,1.958817416756112,11,25
1.3670389652252197,1.505348515815855,1.965923216081597,11,25
1.3753764629364014,1.5217423274629496,1.9574454750481078,11,25
1.3837153911590576,1.5380780388010713,1.9660691309451475,11,25
1.3919835090637207,1.5544766221633306,1.9641161455466918,11,25
1.4003429412841797,1.570851363709426,1.9654310927114114,11,25
1.408705472946167,1.587227444047167,1.9610213059395065,11,25
1.4170172214508057,1.6035752675442614,1.9649778490900516,11,25
1.4255027770996094,1.6199363741704667,1.962773141242379,11,25
1.4338908195495605,1.6362804981347758,1.9639751120902056,11,25
1.4421849250793457,1.652636863991422,1.9640575538294502,11,25
1.4504530429840088,1.6690180046478156,1.9624262712121812,11,25
1.458751916885376,1.6853678214746228,1.964759840840132,11,25
1.467071294784546,1.7017409254931093,1.9610582528122629,11,25
1.4753758907318115,1.718070074088503,1.9657269630958598,11,25
1.483705997467041,1.7344497786344726,1.9589281498849795,11,25
1.4920344352722168,1.750775816906198,1.965919893934511,11,25
1.5003595352172852,1.7671644542329263,1.9573598655131517,11,25
1.508680820465088,1.7834944030975328,1.9659195999288368,11,25
1.5169646739959717,1.7998626390747026,1.9638220786415894,11,25
1.525334358215332,1.816205040338337,1.9657407641773796,11,25
1.5337023735046387,1.832556613917278,1.961273563196699,11,25
1.5420174598693848,1.8488951777108824,1.964766951480951,11,25
1.550384521484375,1.865253639787652,1.9626257344607343,11,25
1.5586693286895752,1.8816031933560544,1.964001500445623,11,25
1.567030668258667,1.8979706591333725,1.9641243060236049,11,25
1.5753653049468994,1.9143639043983445,1.9626872312502326,11,25
1.583693265914917,1.9307275682755383,1.965069064965926,11,25
1.5920281410217285,1.9471083703944905,1.96081852997185,11,25
1.6003549098968506,1.9634466711450413,1.965407914018485,11,25
1.608694314956665,1.9798344811500075,1.9591372484821084,11,25
1.617020845413208,1.9961676133378201,1.966060756011617,11,25
1.6253776550292969,2.0125597833030846,1.9574430248157735,11,25
1.6336982250213623,2.0288939197309808,1.965930696530126,11,25
1.6419646739959717,2.045290889664296,1.9638694442287468,11,25
1.6503403186798096,2.0616651117087543,1.9656229579887705,11,25
1.658700704574585,2.0780417438330634,1.9608829860642367,11,25
1.6670196056365967,2.0943901083581107,1.9651391060670798,11,25
1.6753897666931152,2.1107540168529226,1.9628313264285793,11,25
1.683678150177002,2.1271011948110425,1.9638567567929897,11,25
1.6920247077941895,2.143460100458188,1.9638305420793047,11,25
1.700345754623413,2.1597828965110595,1.962732888911406,11,25
1.7087154388427734,2.176069214753174,1.9649385035159133,11,25
1.7170383930206299,2.192390174374231,1.9610602324973132,11,25
1.7253422737121582,2.2086870701309818,1.965601366950204,11,25
1.7336921691894531,2.2250599443137786,1.9588135956506212,11,25
1.7420191764831543,2.2413883334736266,1.9657626955356255,11,25
1.7503957748413086,2.2577709033765476,1.9575375666417325,11,25
1.758695363998413,2.2741091072988575,1.9660768695255055,11,25
1.7669649124145508,2.2905192444055107,1.963837497594408,11,25
1.7753489017486572,2.3069107109601448,1.96563865353305,11,25
1.7836778163909912,2.323319602250129,1.9612799657925246,11,25
1.7920095920562744,2.3397020901984837,1.9650116364775165,11,25
1.8003661632537842,2.3560953784508984,1.9635016531131222,11,25
1.8086793422698975,2.372467888576217,1.9642168983416854,11,25
1.8170251846313477,2.388847457589212,1.964165468455627,11,25
1.8253419399261475,2.405247640126731,1.962638917963413,11,25
1.833683729171753,2.4216131088149897,1.9646515001225506,11,25
1.8420274257659912,2.437996217375389,1.9612413849664425,11,25
1.8503599166870117,2.4543325293129272,1.9655746752807595,11,25
1.8587005138397217,2.4707123464930394,1.9592990376756938,11,25
1.8670289516448975,2.4870372815035755,1.9659516441893126,11,25
1.875396728515625,2.5034190787265,1.9574735682345805,11,25
1.8836791515350342,2.5197422176447555,1.965778686087171,11,25
1.8919670581817627,2.53610225120334,1.9635303085039242,11,25
1.9003322124481201,2.552437372026338,1.965790430599987,11,25
1.9086997509002686,2.5687818289025146,1.9608145104628674,11,25
1.9170215129852295,2.585113881454755,1.9650232683222446,11,25
1.925377607345581,2.6014699663866168,1.9626369992840684,11,25
1.9336729049682617,2.6178185551343205,1.9640791113016791,11,25
1.9420406818389893,2.634186039618494,1.9638943120948706,11,25
1.9503445625305176,2.6505201065688175,1.962937491820233,11,25
1.9586992263793945,2.666835083552415,1.9651641060501817,11,25
1.967027187347412,2.6832139058148154,1.960996354672079,11,25
1.9753506183624268,2.6995537680925765,1.965373663740965,11,25
1.983675479888916,2.7159283567995836,1.959271346494438,11,25
1.9920070171356201,2.7322632613069526,1.9659225806957996,11,25
2.0003623962402344,2.748675417325797,1.9576808540416333,11,25
2.0086817741394043,2.7650270562544463,1.9660213292871813,11,25
2.016955614089966,2.781418237734103,1.9636785755450867,11,25
2.0253443717956543,2.797782433479199,1.9655055121570417,11,25
2.0336413383483887,2.814179931618347,1.963319426904091,11,25
2.0420467853546143,2.8305574330439365,1.9652129005625139,11,25
2.0502989292144775,2.8469584186460994,1.9651799268960641,11,25
2.058684825897217,2.863331892933717,1.964160501562026,11,25
2.0670244693756104,2.8797137792843093,1.9647631247959647,11,25
2.0753531455993652,2.8960590892801394,1.9628779039784203,11,25
2.083706855773926,2.912371425967221,1.964713061570162,11,25
2.092024803161621,2.9287406079390443,1.9614287384045503,11,25
2.1003456115722656,2.9450719963574596,1.9656399269656528,11,25
2.1086764335632324,2.961436137222433,1.9591826404156105,11,25
2.117020845413208,2.977758580034821,1.965712841601343,11,25
2.1253530979156494,2.9941578069078254,1.957792995238247,11,25
2.1336779594421387,3.0104987087755295,1.966024464036482,11,25
2.141953468322754,3.0268798017602507,1.9637287147304776,11,25
2.1503407955169678,3.0432354034486924,1.9657473281784414,11,25
2.1586484909057617,3.059627046622073,1.9633154372801915,11,25
2.167037010192871,3.0759985146278996,1.9649384888251844,11,25
2.1753032207489014,3.0923947027939827,1.9648707835611232,11,25
2.1836748123168945,3.108764977015922,1.9643445078937065,11,25
2.1920251846313477,3.1251448914374502,1.9647191713196666,11,25
2.200352907180786,3.1414876252172337,1.962932279217436,11,25
2.208711624145508,3.157800261326652,1.9648844641692973,11,25
2.217029333114624,3.174172489836407,1.961335231194324,11,25
2.2253479957580566,3.1905050518732327,1.9654642409158773,11,25
2.2336678504943848,3.2068687223375387,1.95957919916055,11,25
2.242039680480957,3.223194917661227,1.9660201781664275,11,25
2.250361204147339,3.2395987077732338,1.957657367709914,11,25
2.258678436279297,3.2559420262800005,1.9658081738671125,11,25
2.2669496536254883,3.2723250832209,1.963473685085046,11,25
2.275355815887451,3.288683141489216,1.9657680312290007,11,25
2.2836384773254395,3.3050768204099383,1.963443856141203,11,25
2.2920358180999756,3.3214507736944134,1.9651999542451082,11,25
2.3003017902374268,3.337848611579635,1.965089275130866,11,25
2.308671236038208,3.354219221441972,1.9640892876437464,11,25
2.3170108795166016,3.370597423777789,1.9643826818960248,11,25
2.325350522994995,3.386937102727937,1.9631315694573728,11,25
2.3337087631225586,3.40324788690923,1.9647888230191681,11,25
2.3420255184173584,3.4196162767864,1.9614080082195613,11,25
2.3503599166870117,3.435947251782026,1.96544933467033,11,25
2.358680486679077,3.452310654349179,1.9595032940110606,11,25
2.3670272827148438,3.468635415021911,1.9657636592500611,11,25
2.375366449356079,3.48503571242287,1.9574233425507455,11,25
2.3836817741394043,3.501371538993979,1.966124999276077,11,25
2.3919637203216553,3.5177563875958335,1.9636980310813297,11,25
2.400343418121338,3.5341142788628455,1.9655679884653359,11,25
2.4086413383483887,3.550484194042731,1.9607859173611624,11,25
2.417008876800537,3.5668267407648737,1.965213728261437,11,25
2.425351142883301,3.583190534261337,1.962358107889931,11,25
2.4336817264556885,3.599546493383159,1.9643275733474823,11,25
2.4420289993286133,3.615919007588563,1.9636765392400002,11,25
2.450378179550171,3.6322559446662863,1.9628165424158166,11,25
2.4586849212646484,3.6485179734496342,1.9644282784636802,11,25
2.4670028686523438,3.6648116463176788,1.9615026189831586,11,25
2.4753525257110596,3.681099779546672,1.9655408880714644,11,25
2.483694553375244,3.697474968838002,1.9594290789329523,11,25
2.492051362991333,3.7138178512393787,1.9658900600072777,11,25
2.5003485679626465,3.7302388266856026,1.9575505053783424,11,25
2.508683443069458,3.7465252448182254,1.9658586919911611,11,25
2.5169456005096436,3.7628772227840224,1.9634347572780848,11,25
2.525343418121338,3.7792132277404664,1.9658595821136788,11,25
2.533679485321045,3.795589518796692,1.9608066914535078,11,25
2.541985273361206,3.8119460813764707,1.9649890992064196,11,25
2.5503346920013428,3.8283405129357706,1.9622842799430007,11,25
2.5586724281311035,3.8447328091980726,1.96432234150041,11,25
2.567047119140625,3.8611332453531073,1.9637808851769578,11,25
2.5753679275512695,3.877499771426726,1.9630468343864664,11,25
2.5836784839630127,3.8937830116906635,1.96461624191498,11,25
2.5920019149780273,3.910098957263201,1.9612276480589477,11,25
2.600341558456421,3.926407882828174,1.9652511478806283,11,25
2.608704090118408,3.9428018474581465,1.9596231566675475,11,25
2.6170198917388916,3.9591632088547453,1.9660211038944875,11,25
2.625375509262085,3.9755781914845714,1.9575439511269588,11,25
2.633664608001709,3.992017742787537,1.9660109738975344,11,25
2.641956090927124,4.008484604236642,1.9635455628710137,11,25
2.6503207683563232,4.024920486965531,1.9657914719091156,11,25
2.6587131023406982,4.041351393023438,1.9619093648914494,11,25
2.6670279502868652,4.057754262281366,1.965419646751429,11,25
2.6753602027893066,4.074145134002361,1.9622454368152764,11,25
2.6836564540863037,4.0904973949739825,1.9642434300654978,11,25
2.6920149326324463,4.106853473042353,1.9633540497385895,11,25
2.700350522994995,4.123201063804956,1.9632758876072305,11,25
2.7087135314941406,4.139541426867434,1.9646526629718268,11,25
2.7170121669769287,4.155920001636853,1.9617539355210323,11,25
2.7253153324127197,4.172254353306849,1.9654043053820647,11,25
2.7336747646331787,4.188616063896642,1.959655711474422,11,25
2.742018699645996,4.2049314092472665,1.9656556982541884,11,25
2.7503514289855957,4.221306040608397,1.9577645183455161,11,25
2.758683204650879,4.237622101284387,1.9661096473084343,11,25
2.766944408416748,4.2540079936333495,1.9634006360632763,11,25
2.775357484817505,4.2703696438436465,1.9657843389783594,11,25
2.7837095260620117,4.286744305986994,1.9603568002907932,11,25
2.792006731033325,4.303090718413271,1.9652566134368847,11,25
2.800372362136841,4.319456146288021,1.961897023705898,11,25
2.808661937713623,4.335807078029231,1.964570263062316,11,25
2.816995859146118,4.352174561988458,1.9637135199928923,11,25
2.825345039367676,4.368533239879935,1.9630942051225786,11,25
2.833702325820923,4.384895220306205,1.9644847110234442,11,25
2.842052698135376,4.400906136314571,1.8838821379518107,11,25
2.850346088409424,4.414207120286244,1.732369485179667,11,25
2.858656167984009,4.424924637741788,1.572758094070809,11,25
2.871159791946411,4.437079076654813,1.3693996742956067,11,25
2.8877689838409424,4.450322922043131,1.3573936226055148,11,25
2.9002652168273926,4.460374988461103,1.3566856898620652,11,25
2.9127578735351562,4.470841817850248,1.4251873130343238,11,25
2.9252543449401855,4.482316863499302,1.477485460005206,11,25
2.9378018379211426,4.49463821188592,1.513982014332702,11,25
2.950272560119629,4.507749418925945,1.531870080951875,11,25
2.962766408920288,4.521642459068319,1.587583502146017,11,25
2.9752583503723145,4.536329748363456,1.642504400223256,11,25
2.9836018085479736,4.546570242934802,1.6868142426410138,11,25
2.991935968399048,4.5571319884929045,1.7110482797395967,11,25
3.0002973079681396,4.568049587006492,1.7485493581323095,11,25
3.008626937866211,4.57927135067813,1.7579191033191863,11,25
3.0169873237609863,4.590701189986188,1.7624447947608228,11,25
3.02531099319458,4.602405065867016,1.7625024676816607,11,25
3.033658266067505,4.614222800125114,1.7627694997303551,11,25
3.0419721603393555,4.626206411702161,1.7637400556992764,11,25
3.0503203868865967,4.638284151502533,1.7577413369055392,11,25
3.058645248413086,4.650467212677497,1.764267892791112,11,25
3.0669658184051514,4.662811205299263,1.7611886137909676,11,25
3.075345039367676,4.675224398979479,1.7606757777373898,11,25
3.0836384296417236,4.68785170720672,1.7734615347290146,11,25
3.0919761657714844,4.7006311847569044,1.7718855353197507,11,25
3.100315570831299,4.713502180321962,1.7773093827992459,11,25
3.108657121658325,4.726501685040649,1.7758085262861438,11,25
3.1169817447662354,4.739577192905562,1.781009508378767,11,25
3.1253154277801514,4.752823049205556,1.7897679718024855,11,25
3.1336472034454346,4.766198129290054,1.7900118742022595,11,25
3.1419765949249268,4.779731631603227,1.8037997141635518,11,25
3.150264263153076,4.793428536409115,1.8010518037504466,11,25
3.1586356163024902,4.807166529287033,1.8098964611446882,11,25
3.166971445083618,4.8210466104977145,1.8112824305534794,11,25
3.175335168838501,4.834990135247163,1.8173966341388277,11,25
3.1836912631988525,4.848419836726164,1.354798138427332,11,25
3.192016839981079,4.859134365735812,0.840728454206398,11,25
3.20444917678833,4.869940764052961,0.4287048543575559,11,25
3.221101999282837,4.881178398989563,0.3655889259940627,11,25
3.2377612590789795,4.892021308490694,0.3551293056328442,11,25
3.25443172454834,4.902811008030849,0.34456128478143155,11,25
3.2710916996002197,4.913577462007763,0.3348090875148156,11,25
3.287766933441162,4.924362271571709,0.5063811615436891,11,25
3.3044345378875732,4.935227187227235,0.6503626018562032,11,25
3.321099281311035,4.946121895158718,0.6995511643792154,11,25
3.3377740383148193,4.957045592002078,0.7200026138649475,11,25
3.354426860809326,4.968007528737262,0.71442097516379,11,25
3.371126413345337,4.9790223893925845,0.7049074593561134,11,25
3.387758255004883,4.990103201238262,0.6880894062810627,11,25
3.4044346809387207,5.001231787409349,0.6626646274484687,11,25
3.4211056232452393,5.0124164678833045,0.6578904279424704,11,25
3.4377663135528564,5.023643461825059,0.6693901152481374,11,25
3.4544408321380615,5.034936963116901,0.6853923253732267,11,25
3.4711098670959473,5.04630037257793,0.6900855007538877,11,25
3.4877660274505615,5.057716751810607,0.6852977021421031,11,25
3.5044331550598145,5.069190402192796,0.6765161140800127,11,25
3.521094799041748,5.080714876856394,0.6841184620618702,11,25
3.53776216506958,5.092291128719637,0.6966737530423557,11,25
3.554434299468994,5.10392709648561,0.7102991629506737,11,25
3.5711169242858887,5.115610355585271,0.706788766160908,11,25
3.5877652168273926,5.1273525529580475,0.7026052283220766,11,25
3.604445457458496,5.13913896736707,0.7088534086056083,11,25
3.621107339859009,5.150984722106548,0.721456980318224,11,25
3.6377713680267334,5.162896355676465,0.7189215898332699,11,25
3.6544406414031982,5.174852362337641,0.7229010795306702,11,25
3.671107053756714,5.186865670588004,0.7187704736828066,11,25
3.68776273727417,5.1989223749308024,0.7305570262665433,11,25
3.7044339179992676,5.211029680303691,0.7364367418741776,11,25
3.721109390258789,5.223200883647013,0.7233732384766479,11,25
3.737779140472412,5.2354181600951675,0.7185529797786531,11,25
3.754429340362549,5.247677033112069,0.7268640231934783,11,25
3.7711074352264404,5.259989720373834,0.737588355181929,11,25
3.7877683639526367,5.272350910574379,0.7415160565620231,11,25
3.804427146911621,5.284760789950948,0.7534456926361337,11,25
3.821110725402832,5.297208483126476,0.7519578597404384,11,25
3.837765693664551,5.309693315046355,0.7515267318164334,11,25
3.8544294834136963,5.322230020496844,0.753742628029807,11,25
3.8710997104644775,5.334811284539682,0.7554808380108645,11,25
3.887770891189575,5.347441984669523,0.7668533022384222,11,25
3.904435634613037,5.360115940038034,0.7683002803815244,11,25
3.921095371246338,5.372839280790161,0.765662688247421,11,25
3.937763214111328,5.385604101656772,0.7731700008989635,11,25
3.954441547393799,5.398421683109027,0.7711801308562609,11,25
3.971104383468628,5.411278080867364,0.7703651128725459,11,25
3.987769603729248,5.424180263277393,0.7739045573078831,11,25
4.004439353942871,5.437142754783827,0.7723380030515785,11,25
4.021097898483276,5.4501261376493675,0.7714578323862014,11,25
4.0377631187438965,5.463149306838749,0.781313497336901,11,25
4.054425477981567,5.476230149357449,0.7902997250113667,11,25
4.071097135543823,5.489358818612535,0.7967196982252308,11,25
4.087763547897339,5.5025455476978165,0.7906543004097678,11,25
4.104430437088013,5.515784828308418,0.794079898305256,11,25
4.121099948883057,5.529075859465038,0.8039446209530104,11,25
4.1336071491241455,5.539079394316601,0.8017914872598207,11,25
4.146103858947754,5.549120570741779,0.8001299316304145,11,25
4.1586151123046875,5.559178592978205,0.8057172384233005,11,25
4.1711106300354,5.5692629844214645,0.8154219933809876,11,25
4.183612585067749,5.57938643726072,0.8080589434940972,11,25
4.196102857589722,5.589539550901779,0.8125522561128229,11,25
4.208611726760864,5.599713042089062,0.8188444049753894,11,25
4.221106290817261,5.609925081761103,0.8082995890974148,11,25
4.23359489440918,5.620153073178519,0.8095444713910837,11,25
4.2461066246032715,5.630407156409319,0.8229259301370718,11,25
4.258610010147095,5.640690345761667,0.830685716870739,11,25
4.271118402481079,5.650989687307667,0.821859598234641,11,25
4.283600568771362,5.661318630056412,0.8355371592098751,11,25
4.296111345291138,5.671671504142535,0.8379427179907663,11,25
4.30859899520874,5.682051769467157,0.8277625287052943,11,25
4.321133375167847,5.692453721872377,0.8300569666763467,11,25
4.33361554145813,5.702882775068144,0.8425936845540254,11,25
4.346116781234741,5.713344228676178,0.8336526427603395,11,25
4.358614206314087,5.723817515716182,0.83574044879207,11,25
4.3711137771606445,5.734311952849492,0.8475608593474554,11,25
4.383610248565674,5.744827452564284,0.8488487601412392,11,25
4.3961029052734375,5.755366503697275,0.8420439969490573,11,25
4.408609628677368,5.765932317283705,0.8396510158118177,11,25
4.421108245849609,5.776510235098035,0.8481231960760618,11,25
4.4335997104644775,5.787122871405732,0.843435133322797,11,25
4.446099042892456,5.797756061271282,0.851612278713822,11,25
4.4586098194122314,5.8084201806002955,0.8600272772280246,11,25
4.471121788024902,5.819103095251289,0.8553669751412911,11,25
4.483601093292236,5.8298101577622425,0.8526335287876203,11,25
4.496108770370483,5.840541042682593,0.8648633948157123,11,25
4.5086143016815186,5.851285308404621,0.8699681446681589,11,25
4.5211076736450195,5.862050504267868,0.8564109834740481,11,25
4.533609867095947,5.87282901308793,0.866536703547751,11,25
4.546100378036499,5.883622928223514,0.866682518622631,11,25
4.558609485626221,5.894431354370326,0.8607483689229712,11,25
4.571112632751465,5.9052585107033435,0.8629306753014133,11,25
4.583604097366333,5.916099534203047,0.8684208648357543,11,25
4.5961244106292725,5.926952579602959,0.8663517416244547,11,25
4.608594179153442,5.937836410653447,0.8717373819260794,11,25
4.6211066246032715,5.948748290824246,0.878542010577612,11,25
4.633606910705566,5.959693923346478,0.8708023143621676,11,25
4.646100282669067,5.970658399184762,0.8703192824147832,11,25
4.658614873886108,5.98164478951074,0.8826397673250208,11,25
4.6711015701293945,5.9926657372206025,0.8841789631342005,11,25
4.683612108230591,6.0037143372788515,0.880986003599242,11,25
4.696104288101196,6.014774872458265,0.8808637546802308,11,25
4.70861029624939,6.025857703278269,0.893233274343127,11,25
4.72112250328064,6.036972091882024,0.8872608533903146,11,25
4.733598709106445,6.048117338966368,0.8955875462451514,11,25
4.746101140975952,6.0592784495430845,0.9067707162943457,11,25
4.758615493774414,6.07045869584519,0.8982403809771226,11,25
4.7711262702941895,6.081658754266963,0.8909123954788898,11,25
4.783614158630371,6.0928830808761045,0.9040047256159974,11,25
4.796106815338135,6.1041227718127,0.9075945648956683,11,25
4.8086159229278564,6.115381837912915,0.9013651516504851,11,25
4.821103811264038,6.126658288409463,0.9010952183515776,11,25
4.833606243133545,6.137949662175281,0.9064960916681853,11,25
4.846111536026001,6.149274519375471,0.9096927969897781,11,25
4.858604907989502,6.160623574619547,0.9080478049149285,11,25
4.8711161613464355,6.172003073511844,0.9108446186797401,11,25
4.883604526519775,6.183404134661997,0.9106509037728854,11,25
4.896104335784912,6.194811892067939,0.9034708775183425,11,25
4.90860390663147,6.206243532811105,0.9152611743896166,11,25
4.921104431152344,6.217691337963014,0.9286495141543856,11,25
4.933617353439331,6.22915858586748,0.9182471645520427,11,25
4.946104288101196,6.240656678389088,0.925219031857446,11,25
4.95861554145813,6.25218160588141,0.9272170276793652,11,25
4.9711244106292725,6.26372056273978,0.9202849191031126,11,25
4.983622312545776,6.275283547216898,0.9242036752146248,11,25
4.996110200881958,6.286874629301815,0.9246459116024975,11,25
5.008616209030151,6.298497768654289,0.9249341013480333,11,25
5.021101713180542,6.310137268415404,0.9225318467529839,11,25
5.033612251281738,6.321797063809187,0.9329932666487334,11,25
5.046125650405884,6.333480502700718,0.9494152146831535,11,25
5.058604717254639,6.345192718151574,0.9438335659099348,11,25
5.071106433868408,6.35692161630226,0.9437594810137653,11,25
5.083606004714966,6.368657873386411,0.9468677353225342,11,25
5.096108913421631,6.3804109651323975,0.9378399777417992,11,25
5.108601093292236,6.392184697369837,0.9382714609686262,11,25
5.121109485626221,6.403989723186379,0.9530711367356074,11,25
5.133609294891357,6.41581103249945,0.9504647171085749,11,25
5.1461029052734375,6.4276586511290725,0.9415481758377643,11,25
5.158620595932007,6.43952970725932,0.9565016198201572,11,25
5.171117544174194,6.451433804247504,0.9567360049253841,11,25
5.183608055114746,6.4633501198723335,0.9445665034032009,11,25
5.196108818054199,6.475288204660414,0.9469718242234432,11,25
5.208602666854858,6.487255311072906,0.9594163719278728,11,25
5.221118688583374,6.4992338243613865,0.9499503948826523,11,25
5.233629941940308,6.511234825766327,0.9485550350354593,11,25
5.246117115020752,6.523262327296924,0.9729636932315193,11,25
5.2586071491241455,6.535303400539311,0.9740972498908279,11,25
5.271122932434082,6.547368391407782,0.9612919300682233,11,25
5.283607006072998,6.559461152196107,0.976839383212481,11,25
5.296129465103149,6.57157359651557,0.980497612166015,11,25
5.308621883392334,6.583712472597301,0.9751200884924366,11,25
5.32111120223999,6.595879417503778,0.9755841915570006,11,25
5.333606719970703,6.608069923661965,0.9763971399176004,11,25
5.346124172210693,6.620275495749182,0.9704967569003297,11,25
5.358616828918457,6.6325070390487895,0.9741166122087832,11,25
5.371143341064453,6.644760898356361,0.9847675687613852,11,25
5.383650779724121,6.657038248005716,0.9870140085307548,11,25
5.396141529083252,6.669348212178121,0.9807006393235301,11,25
5.4086432456970215,6.681676087864141,0.9883973552392811,11,25
5.421172142028809,6.694020334104587,0.9882095525916869,11,25
5.433666706085205,6.706398764734659,0.9867187100106115,11,25
5.446164608001709,6.718802491228521,0.9901060323763979,11,25
5.4586403369903564,6.731220026354899,0.9982113320581242,11,25
5.4711596965789795,6.743663215689811,0.9956653927108999,11,25
5.483668565750122,6.756140609940911,0.9969945785589132,11,25
5.49615740776062,6.76864768916743,0.9934492191379947,11,25
5.508659839630127,6.781182300302565,0.9967231437805311,11,25
5.521133184432983,6.7937409198197996,0.9928049279268871,11,25
5.5336432456970215,6.8063243661382415,1.0011797020657687,11,25
5.54616641998291,6.818930628969322,1.0141473513874675,11,25
5.558648109436035,6.831565029995993,1.0164520657447096,11,25
5.571130990982056,6.844225688534383,1.0143909570454692,11,25
5.583672761917114,6.856907143569593,1.0205514236707083,11,25
5.596143960952759,6.869605989637459,1.0215961010525676,11,25
5.608666896820068,6.8823185901064345,1.0139509149990553,11,25
5.621177911758423,6.895059450854107,1.015605295339718,11,25
5.6336681842803955,6.907838165485542,1.0294460724141083,11,25
5.64614462852478,6.920635306531374,1.0175936567408483,11,25
5.658666372299194,6.933456826892902,1.0138747291947676,11,25
5.6711485385894775,6.946310607844173,1.0362186422403121,11,25
5.6836535930633545,6.959182778623325,1.0295154811916716,11,25
5.696165323257446,6.972082096273971,1.0266891597102115,11,25
5.70863938331604,6.985013929792221,1.046900925712887,11,25
5.721153020858765,6.997964032586767,1.04204553879764,11,25
5.733669757843018,7.010943706120899,1.0319353387320356,11,25
5.746148109436035,7.023959145741057,1.0499208778175584,11,25
5.758648157119751,7.036988215330337,1.052781460102197,11,25
5.771142244338989,7.050044227360715,1.046996033324194,11,25
5.783648252487183,7.063131881391046,1.0514430378788442,11,25
5.7961485385894775,7.076217001872149,1.051121099593363,11,25
5.808648109436035,7.089313506689203,1.0451528562483285,11,25
5.821157455444336,7.102431959691431,1.050083436449358,11,25
5.833632707595825,7.115579163256168,1.0522386483544053,11,25
5.846157789230347,7.128743049239944,1.0476611396212312,11,25
5.858668804168701,7.141940327876119,1.0505990421832678,11,25
5.8711466789245605,7.155172000563657,1.0585050383441073,11,25
5.8836541175842285,7.168419299872388,1.0658434191837793,11,25
5.896154880523682,7.1816914398025045,1.058336183341464,11,25
5.90864109992981,7.1949926733720355,1.0720846149391892,11,25
5.921168565750122,7.208322603329531,1.0559874148835533,11,25
5.933669328689575,7.2216811665368,1.0585357625067913,11,25
5.946150302886963,7.235062976352864,1.0683887250773811,11,25
5.958673477172852,7.248466031121813,1.07627041145709,11,25
5.971204042434692,7.261895213100098,1.0862792888092407,11,25
5.9836506843566895,7.275348965526505,1.0846886846659787,11,25
5.996167421340942,7.288822981061621,1.0816942598387158,11,25
6.008679628372192,7.302321291849361,1.083020189933733,11,25
6.0211427211761475,7.315833653239504,1.079232997367183,11,25
6.03364372253418,7.329353920410119,1.0793615923293185,11,25
6.04617166519165,7.342889553480166,1.0788611525916543,11,25
6.058662414550781,7.35645600508792,1.088595545564779,11,25
6.071162700653076,7.370031237246371,1.0839998204756158,11,25
6.083650350570679,7.383618167129345,1.091209931670871,11,25
6.096163749694824,7.39721626502655,1.097135719730015,11,25
6.108646392822266,7.410836534322468,1.0959726306678719,11,25
6.121145486831665,7.424472131045429,1.0937712947165845,11,25
6.133667707443237,7.438117148022562,1.0941518041758678,11,25
6.146146059036255,7.45176733294716,1.0835076883749868,11,25
6.158643007278442,7.465435452082483,1.0970527487041335,11,25
6.1711695194244385,7.479128467998219,1.106420398403477,11,25
6.18364691734314,7.492837171134045,1.0996880470891284,11,25
6.1961517333984375,7.506570839398733,1.1001403747905396,11,25
6.208662748336792,7.520315561846003,1.0995058929151256,11,25
6.221168518066406,7.534092322156178,1.093208128623513,11,25
6.2336742877960205,7.547885102285549,1.0716764373107468,11,25
6.246169567108154,7.561694135697581,1.062497624183984,11,25
6.258658409118652,7.575505433191243,1.0522849692652854,11,25
6.271111488342285,7.589330621462399,1.0354841232454208,11,25
6.283605098724365,7.603172085966239,1.0198923047791992,11,25
6.296107053756714,7.617025822344645,1.0058448589074473,11,25
6.308597087860107,7.630900627947988,0.9930460773582864,11,25
6.321100950241089,7.644783160873099,0.9765181273692121,11,25
6.333605051040649,7.658689382692435,0.9612925980248064,11,25
6.346091985702515,7.672627226046512,0.9519872468843866,11,25
6.358621120452881,7.686578989984043,0.9315230705674716,11,25
6.371100425720215,7.700552104448561,0.9081267026483488,11,25
6.383596658706665,7.714556619795081,0.8961687521515178,11,25
6.396152496337891,7.728585140174658,0.8763281440597257,11,25
6.408590078353882,7.742634666114272,0.8531580009071298,11,25
6.4211320877075195,7.756716059007587,0.8325446808468475,11,25
6.433634042739868,7.770841297703775,0.8075019253715845,11,25
6.44613242149353,7.785004144699641,0.7854004077911834,11,25
6.458642482757568,7.799206108593783,0.7683552950878624,11,25
6.471149206161499,7.81344810948557,0.7403359250630787,11,25
6.483607292175293,7.827889490419526,0.8359782210570311,11,25
6.491981744766235,7.837913277673222,0.9787010736709573,11,25
6.500326871871948,7.84826589189724,0.991118572213365,11,25
6.508658409118652,7.858725895763654,1.0535157308855505,11,25
6.51694130897522,7.86935200646689,1.0403282363079047,11,25
6.525275230407715,7.880073324419923,1.0925098217713745,11,25
6.533605575561523,7.890910651483522,1.0686134593011116,11,25
6.541938543319702,7.901804125400468,1.0993247960269856,11,25
6.5502824783325195,7.912765845641583,1.0687586129131719,11,25
6.55859899520874,7.923780799477765,1.0923579961866101,11,25
6.5669333934783936,7.934844385353176,1.0692989789716487,11,25
6.575270414352417,7.94594702177004,1.0773868617047326,11,25
6.5836100578308105,7.957088036123353,1.0707177076876386,11,25
6.591936826705933,7.968301021668199,1.0673422130053698,11,25
6.600274085998535,7.979546921190951,1.058340187095019,11,25
6.608597993850708,7.990867627841772,1.0779513080594014,11,25
6.616938352584839,8.002235341979185,1.0814926025929064,11,25
6.625264883041382,8.01371518320465,1.1086507645397945,11,25
6.633619070053101,8.025249897615955,1.1070118575743717,11,25
6.641943693161011,8.036890926920456,1.1255116336111362,11,25
6.650275230407715,8.048605033995415,1.1455578814351,11,25
6.658603191375732,8.060424111718147,1.1900362513352754,11,25
6.666954517364502,8.072310695413776,1.2216098038690244,11,25
6.67527174949646,8.084314145683559,1.2863833759386112,11,25
6.683603286743164,8.096411674484017,1.3247938957403353,11,25
6.691977024078369,8.10864184165959,1.3990015136853584,11,25
6.70031213760376,8.12098052205483,1.440190401167738,11,25
6.708604574203491,8.133458559154217,1.5192426050554346,11,25
6.71697998046875,8.146054426415976,1.560291999628853,11,25
6.7252726554870605,8.158797390445315,1.6525184002774358,11,25
6.73364520072937,8.171675200658102,1.6586020707061753,11,25
6.741941690444946,8.184613754076462,1.746458335841709,11,25
6.7503204345703125,8.197824763304935,1.7739365645851377,11,25
6.758716821670532,8.211511243855304,1.8184874759238552,11,25
6.76696252822876,8.22563807768681,1.8352961741656655,11,25
6.7752954959869385,8.240085349635962,1.8533483285966403,11,25
6.783625364303589,8.254859371854746,1.8691647372578424,11,25
6.791960954666138,8.26991566911398,1.8810401894650741,11,25
6.80029034614563,8.285254490561949,1.8908486615786069,11,25
6.808634042739868,8.30090381382159,1.9008265270654925,11,25
6.816973924636841,8.316807884076221,1.9153741037690502,11,25
6.825276136398315,8.332937695591706,1.9111968534224664,11,25
6.83363938331604,8.349181773608914,1.9528405855214217,11,25
6.842024803161621,8.365750595499005,1.9621807745044952,11,25
6.850369453430176,8.38245071985184,1.9633157270321118,11,25
6.858701229095459,8.399164987550607,1.9633246121070806,11,25
6.867042303085327,8.415907202571493,1.9636988139971743,11,25
6.875319719314575,8.432529850895259,1.9624638022798768,11,25
6.883689641952515,8.449153970715365,1.9627378914364138,11,25
6.891956806182861,8.465659011233393,1.9606120223807815,11,25
6.900353193283081,8.482196912806682,1.961526744422293,11,25
6.908650875091553,8.49866139933452,1.9616618271275614,11,25
6.917023420333862,8.51513383451691,1.960117527665083,11,25
6.925352573394775,8.531565046379447,1.9647654725139192,11,25
6.933644771575928,8.54803127623733,1.9648322328271879,11,25
6.942034006118774,8.564438852786894,1.963521080783927,11,25
6.950342416763306,8.580805946707823,1.9624035556473103,11,25
6.958709239959717,8.597110565631924,1.9630891492675482,11,25
6.966960906982422,8.613357336342736,1.9562801718667844,11,25
6.97540283203125,8.629569793521691,1.9616193173178573,11,25
6.983645677566528,8.645789255297478,1.9584065629484035,11,25
6.992040634155273,8.662050953563698,1.963214973933015,11,25
7.000338792800903,8.67829663018661,1.9623788479021964,11,25
7.008698225021362,8.69459460668698,1.9628427592750235,11,25
7.01697301864624,8.710864255527785,1.9583102947619273,11,25
7.0253472328186035,8.727209003891058,1.9612797379814184,11,25
7.033662557601929,8.743535900651628,1.9607075839347878,11,25
7.042010068893433,8.759907993930744,1.960538434044312,11,25
7.050367832183838,8.776287243468605,1.9642279245600212,11,25
7.058650493621826,8.792741081802925,1.959581470445812,11,25
7.067038059234619,8.809146616689418,1.9627502116995175,11,25
7.075350999832153,8.825544125868294,1.9604476594090496,11,25
7.083693027496338,8.84189308717092,1.9637249573081892,11,25
7.091945171356201,8.85823656616066,1.955325601920188,11,25
7.100350856781006,8.874542787247142,1.9615939570388103,11,25
7.108675003051758,8.890851689082966,1.960620590430736,11,25
7.117039203643799,8.907214664416054,1.963050540983637,11,25
7.125381231307983,8.923520014583627,1.9634227909659423,11,25
7.1336774826049805,8.939872376967143,1.9629037419706001,11,25
7.1419901847839355,8.956138812939606,1.960611723474134,11,25
7.150341272354126,8.972468330401297,1.9614187055103123,11,25
7.1587018966674805,8.988769664227606,1.9615085862929755,11,25
7.167023420333862,9.005122252767508,1.9576545792010853,11,25
7.175361633300781,9.021473579578219,1.9639987496942355,11,25
7.183650493621826,9.037886078311193,1.9619967427333551,11,25
7.19204044342041,9.054253315489637,1.9640000042487502,11,25
7.200380086898804,9.070585457845358,1.957573801279315,11,25
7.208705902099609,9.08687237904997,1.963229479960621,11,25
7.216963529586792,9.103176278658832,1.9561926927089457,11,25
7.225351333618164,9.11945608188913,1.9610462145504453,11,25
7.23365592956543,9.135758057395838,1.9623607884205032,11,25
7.24203085899353,9.15211250738073,1.9634975944808806,11,25
7.250337600708008,9.168414836426923,1.9571866093786698,11,25
7.258697032928467,9.184788950081447,1.96286273223338,11,25
7.2669854164123535,9.201123216225506,1.9600226880451401,11,25
7.275393962860107,9.217550149218587,1.9612363428312818,11,25
7.2837324142456055,9.233925310738796,1.9610486244545648,11,25
7.291968584060669,9.250359032859782,1.9593233889462862,11,25
7.300365447998047,9.266782979384608,1.9638796079625218,11,25
7.308641195297241,9.28323962385877,1.9623788216598548,11,25
7.317054986953735,9.299637432673407,1.9641730689479673,11,25
7.325380802154541,9.31598043423505,1.9580922190132586,11,25
7.333701848983765,9.332265990233873,1.96345500367557,11,25
7.341960906982422,9.348556275361231,1.956498358926701,11,25
7.350353002548218,9.364817531607958,1.961058709073762,11,25
7.358667373657227,9.381091504482189,1.962005405046322,11,25
7.36701226234436,9.3974164742553,1.9637039534269087,11,25
7.3753502368927,9.413690367845398,1.9578141157461015,11,25
7.383701324462891,9.430039764614031,1.9630714772286602,11,25
7.391987085342407,9.446348396350906,1.9598964493419009,11,25
7.400392055511475,9.462751798474361,1.9611810576467152,11,25
7.408712148666382,9.479108100311326,1.9645958626786248,11,25
7.416978120803833,9.495512998866518,1.9600244897379548,11,25
7.425349235534668,9.51191001456407,1.9639869861195196,11,25
7.433641672134399,9.528348521203636,1.9618322381858153,11,25
7.442051410675049,9.544732672136329,1.9639669544790344,11,25
7.4503679275512695,9.561069242675403,1.9578887838189825,11,25
7.458701133728027,9.577354074726431,1.9634466738887404,11,25
7.466961622238159,9.59365009256851,1.9564374219261942,11,25
7.475356101989746,9.60992000307966,1.9612728804590478,11,25
7.4836742877960205,9.626205491971168,1.9622527022318215,11,25
7.492012977600098,9.64254251267601,1.96357558116427,11,25
7.500317096710205,9.65882304617161,1.960134037770063,11,25
7.5086915493011475,9.675139757278142,1.9632540353378707,11,25
7.516988039016724,9.691415636862834,1.9602640872018469,11,25
7.525369167327881,9.707782474239057,1.9615188301768154,11,25
7.5336902141571045,9.724158468934888,1.9623073864534726,11,25
7.541995525360107,9.740565686016696,1.95901212736324,11,25
7.55037260055542,9.756971252342069,1.9646220754681927,11,25
7.558715581893921,9.773434674403509,1.9594881860150957,11,25
7.567060232162476,9.78984697140545,1.9642737572758497,11,25
7.575384616851807,9.806254147855572,1.9579170793228395,11,25
7.583701848983765,9.822598248111742,1.963295152437719,11,25
7.591956853866577,9.838934175590337,1.956123867562286,11,25
7.600349426269531,9.855232392794772,1.961542983647694,11,25
7.608655691146851,9.87153247181781,1.9622717142267763,11,25
7.617021322250366,9.887877199168715,1.9640523185007759,11,25
7.625320196151733,9.904153740935286,1.9607356903509416,11,25
7.633694648742676,9.920456321520453,1.963116374540322,11,25
7.641990900039673,9.936711245801993,1.9600017967949745,11,25
7.650361776351929,9.953057520933537,1.961874846195112,11,25
7.658704519271851,9.969381632457832,1.9646016735240377,11,25
7.666967391967773,9.985818619130528,1.962066561814755,11,25
7.675374984741211,10.002246056209078,1.9643776454983606,11,25
7.683640241622925,10.018706163920271,1.962982524745015,11,25
7.692032337188721,10.035111474449085,1.9632893214262461,11,25
7.700355052947998,10.051493836395393,1.9608813639600131,11,25
7.708701133728027,10.067829992545201,1.9637017170742987,11,25
7.716960191726685,10.084160678639757,1.9548329916673788,11,25
7.725364685058594,10.100456167713242,1.9617349115002487,11,25
7.733635425567627,10.116759572342431,1.9603831401660292,11,25
7.742019891738892,10.133091371101738,1.9636203841323059,11,25
7.750367879867554,10.149378466605143,1.9592330600484738,11,25
7.75870680809021,10.165749767498726,1.963489814693373,11,25
7.767009973526001,10.182056363786002,1.9604468274607258,11,25
7.775365114212036,10.198423045586175,1.961766554457909,11,25
7.783695697784424,10.214758395842303,1.9620651312485717,11,25
7.791972398757935,10.231147625959881,1.9585904983466236,11,25
7.800359487533569,10.24753835486374,1.9647997268269173,11,25
7.808647155761719,10.263975144935852,1.963172273540501,11,25
7.817037582397461,10.280356822787356,1.9642296254094442,11,25
7.825378656387329,10.296690287547722,1.958181578697714,11,25
7.833696603775024,10.312972940309137,1.9636236069297748,11,25
7.841964244842529,10.329267837845892,1.9565338149302847,11,25
7.850362062454224,10.345536697333811,1.9614973588043845,11,25
7.858787298202515,10.361822336588666,1.9622435790088713,11,25
7.8671159744262695,10.378158596851119,1.9639758583010916,11,25
7.875410556793213,10.394439097500364,1.9600449206142962,11,25
7.883771896362305,10.410754075616735,1.9632218580676997,11,25
7.89207911491394,10.427028831372121,1.9600653668405454,11,25
7.900495767593384,10.443395451112009,1.962011932553813,11,25
7.908786773681641,10.459740744058879,1.9645035965237931,11,25
7.917005777359009,10.476197007634244,1.9620200246311967,11,25
7.9254021644592285,10.492642643908994,1.964508133205445,11,25
7.933656215667725,10.509120570322976,1.9631729950284156,11,25
7.942030429840088,10.525542851283221,1.9636482135645636,11,25
7.950379133224487,10.541939879654123,1.960951596424705,11,25
7.958695650100708,10.558296682931777,1.9634983974139035,11,25
7.966958045959473,10.574633560922978,1.9560338721506068,11,25
7.975366830825806,10.590934474979134,1.9618918350130514,11,25
7.983646869659424,10.60723863859445,1.9623181058844135,11,25
7.9920103549957275,10.62358542275553,1.961420384011822,11,25
8.000308752059937,10.639954394444992,1.9583175664542551,11,25
8.008702516555786,10.65636435589044,1.9626510831401816,11,25
8.017005205154419,10.672703225795553,1.9593880026516646,11,25
8.025370121002197,10.689095374879658,1.9617119321540686,11,25
8.033671617507935,10.705435170992047,1.96152361514953,11,25
8.04204249382019,10.721788955374105,1.9600141598576943,11,25
8.050356388092041,10.738049169284206,1.9642234065684177,11,25
8.05864667892456,10.75438246579818,1.9609824148437824,11,25
8.06704068183899,10.770676789039369,1.9638295093813927,11,25
8.075389862060547,10.786965571476033,1.9584700801420658,11,25
8.083690404891968,10.803223754327156,1.9638396823749495,11,25
8.091956853866577,10.819509297795337,1.9567630904856024,11,25
8.10035490989685,10.83577704664771,1.9614244095984372,11,25
8.108664989471436,10.852071496414046,1.9621815830540381,11,25
8.117017269134521,10.86842217583411,1.9611774044984784,11,25
8.125319242477417,10.884795502048489,1.9627543848842854,11,25
8.13369345664978,10.9012156964555,1.9634735794494358,11,25
8.141978979110718,10.917576121613378,1.9592448843788015,11,25
8.150363206863403,10.933996801130194,1.9620259558167141,11,25
8.158660650253296,10.950380404047026,1.9613171858323815,11,25
8.1670241355896,10.966795483820777,1.9603107109110383,11,25
8.175363063812256,10.983109648515681,1.964406518925158,11,25
8.183647394180298,10.999483107319632,1.962681993849987,11,25
8.192025661468506,11.015816205836872,1.963744546435744,11,25
8.200337409973145,11.032159918505064,1.9604682698980267,11,25
8.208702087402344,11.048472685864262,1.9636844924344874,11,25
8.216952800750732,11.064804252909287,1.9544599135056964,11,25
8.225389957427979,11.081108118469695,1.9623411670371778,11,25
8.233634948730469,11.097434141134716,1.960878515268608,11,25
8.242027282714844,11.113793074470752,1.962315669135349,11,25
8.250348091125488,11.130174559759498,1.9630445376404688,11,25
8.258684396743774,11.146597229954349,1.9627704499219238,11,25
8.26699423789978,11.162924054380774,1.9607120627465446,11,25
8.27536940574646,11.179260608107782,1.9621619976143154,11,25
8.283650159835815,11.195540681127552,1.9599016201624992,11,25
8.292022228240967,11.211866918899336,1.959787887249943,11,25
8.300354480743408,11.228126625879126,1.9639705087919326,11,25
8.308654546737671,11.244475341297942,1.9609418208358298,11,25
8.317038297653198,11.260794582687577,1.9638851630180656,11,25
8.325369596481323,11.277123288612675,1.9584360715098026,11,25
8.333698034286499,11.293424341912539,1.9637376262280657,11,25
8.34195876121521,11.309752854257699,1.9566656645489946,11,25
8.350352764129639,11.326062153093288,1.9615138470415656,11,25
8.358656167984009,11.342396347969734,1.9622672199690339,11,25
8.36701488494873,11.358783886815825,1.961582282018051,11,25
8.375341892242432,11.375189863672748,1.9573502657295012,11,25
8.383718490600586,11.391651486214363,1.9635765753423247,11,25
8.391984462738037,11.408062783040954,1.9596015881205204,11,25
8.400354146957397,11.424478800214922,1.9621275990407494,11,25
8.408634424209595,11.440824501889535,1.9595910870666653,11,25
8.417008876800537,11.45719871720383,1.9605764702198059,11,25
8.42536449432373,11.473490154497169,1.9643014842448017,11,25
8.433635950088501,11.48984667974821,1.9619746259537094,11,25
8.442023515701294,11.506163810206406,1.9634859206126791,11,25
8.450378656387329,11.522500491430835,1.9599054830356004,11,25
8.45871090888977,11.538846405570693,1.9638795851812938,11,25
8.46696949005127,11.555208830334543,1.9553814565942538,11,25
8.47540545463562,11.571536204587176,1.9619564154681481,11,25
8.483701467514038,11.587820574444219,1.9775287561095478,11,25
8.492030620574951,11.603609397388594,1.9520664077445058,11,25
8.500303745269775,11.619110907005162,1.9514814770438769,11,25
8.508666753768921,11.634636634859532,1.9519171169080067,11,25
8.517005681991577,11.650303296485403,1.9556773238452618,11,25
8.525359630584717,11.666094460301016,1.9522874142325135,11,25
8.533647775650024,11.682063478488319,1.9629897470040159,11,25
8.541993141174316,11.698248653816679,1.9556624485144938,11,25
8.550301790237427,11.714531160747132,1.9527768039911624,11,25
8.558665037155151,11.731014887517826,1.9556220144592635,11,25
8.566993713378906,11.747727563471962,1.9592300779523522,11,25
8.57527470588684,11.76462447027529,1.9534108419917153,11,25
8.583617210388184,11.781593186139256,1.9571718705615533,11,25
8.591957092285156,11.798813849292971,1.9616744416686909,11,25
8.600290298461914,11.816147567045373,1.956513782200692,11,25
8.608623743057251,11.833716072939145,1.961423691677295,11,25
8.616967678070068,11.8514084968586,1.9561703443775635,11,25
8.625278949737549,11.869332608476027,1.9593822810145054,11,25
8.633625507354736,11.887370616297114,1.9509393625661984,11,25
8.641935110092163,11.90565754321952,1.9501353784722346,11,25
8.650320053100586,11.92405041362835,1.953409751031996,11,25
8.658610343933105,11.942675080462033,1.9452802366275717,11,25
8.666986465454102,11.961372775787272,1.9393036458164492,11,25
8.675331830978394,11.980266475058734,1.9332746372402327,11,25
8.683658123016357,11.999260795900554,1.9277407146494663,11,25
8.691983222961426,12.018398091811253,1.9200569162167724,11,25
8.700331687927246,12.037649430927347,1.9107335836091848,11,25
8.708667993545532,12.057034716168529,1.9043949156804283,11,25
8.716983556747437,12.076595881446702,1.8968974218685466,11,25
8.725337982177734,12.09627965185989,1.8054158039784776,11,25
8.73366641998291,12.11592063293791,1.7494625661354444,11,25
8.74194860458374,12.135667799321652,1.7383501085732227,11,25
8.750278234481812,12.155479520988257,1.736395260679272,11,25
8.758610248565674,12.175282496574217,1.7351009107681954,11,25
8.7669198513031,12.195075274163981,1.7340490279115917,11,25
8.775244951248169,12.214857518328389,1.7332341564651799,11,25
8.783572912216187,12.234628874700398,1.7326508045798323,11,25
8.79191279411316,12.254388970541566,1.7322934514242838,11,25
8.80024266242981,12.27413741535391,1.7321565540472297,11,25
8.8085777759552,12.293873801532104,1.7322345538336312,11,25
8.816908359527588,12.313597705050611,1.7325218825267903,11,25
8.825241565704346,12.33330868618001,1.7330129677980695,11,25
8.833577394485474,12.353006290226787,1.7337022383590108,11,25
8.841908931732178,12.372690048290883,1.7345841286213823,11,25
8.850241661071777,12.39235947803543,1.7356530829200396,11,25
8.858575344085693,12.412014084463504,1.7369035593210547,11,25
8.866907358169556,12.431653360696943,1.7383300330432938,11,25
8.875245809555054,12.451276788752875,1.7399269995254207,11,25
8.883578538894653,12.470883840313872,1.741688977173291,11,25
8.891923904418945,12.490473977488358,1.7720132969439182,11,25
8.900256395339966,12.510140306293527,2.0123651604559756,11,25
8.908593654632568,12.530231984498759,2.2526063728340597,11,25
8.912758588790894,12.540392340106846,2.2870290299366633,11,25
8.916950464248657,12.550557831671455,2.361035136581694,11,25
8.92109990119934,12.560750753779045,2.394452129777252,11,25
8.925262689590454,12.57094001256246,2.401047052539786,11,25
8.929446458816528,12.58111335902396,2.4372155282822043,11,25
8.933599948883057,12.591257529062043,2.4506568818889303,11,25
8.937770366668701,12.601380393228178,2.4487614371483857,11,25
8.94192910194397,12.611494974035615,2.456605240921294,11,25
8.946094751358032,12.621603173558018,2.4696084028262484,11,25
8.950261354446411,12.6316917072632,2.479900986470102,11,25
8.95442247390747,12.641761961992678,2.4777728185761743,11,25
8.958595752716064,12.651825892135795,2.4841908869547398,11,25
8.962754487991333,12.661875625603036,2.495608909396354,11,25
8.96692967414856,12.671906528176008,2.5010482251434665,11,25
8.97108507156372,12.681925183593297,2.501576468061995,11,25
8.97525691986084,12.69193620172541,2.500334630025982,11,25
8.979432344436646,12.701940991432709,2.5150037511532113,11,25
8.98776388168335,12.72189852274414,2.5258550417516754,11,25
8.99609088897705,12.741816867810067,2.532571972622367,11,25
9.004420757293701,12.761679309169041,2.5504046271841405,11,25
9.012757778167725,12.781486585952294,2.551003624276341,11,25
9.021089553833008,12.801248537590931,2.578101261529055,11,25
9.02942442893982,12.820938721422642,2.5847314192319986,11,25
9.037758588790894,12.840585868272035,2.613626071514143,11,25
9.046085357666016,12.86015658512047,2.6246799284684017,11,25
9.054424047470093,12.879685139663009,2.633308282828456,11,25
9.062760353088379,12.899157211966305,2.6560048186409895,11,25
9.071096897125244,12.91856969676047,2.6604949850762867,11,25
9.079426765441895,12.937935165588073,2.6930720083224897,11,25
9.087756872177124,12.957224714936581,2.7090510765737674,11,25
9.09609341621399,12.976473004407525,2.726966651220094,11,25
9.104437112808228,12.99565395370367,2.7119546229191838,11,25
9.112777471542358,13.014841096340595,2.565782195118509,11,25
9.121154308319092,13.034300980986558,2.4917910397097405,11,25
9.129446744918823,13.054085819527126,2.4094715982553927,11,25
9.137775182723999,13.073991613135492,2.3699352947032426,11,25
9.146140336990356,13.093885738701484,2.3317449294870536,11,25
9.154449939727783,13.113786404975036,2.3185622941609636,11,25
9.162770509719849,13.133641228249509,2.312692426009442,11,25
9.171105861663818,13.153467668342572,2.3154911831944633,11,25
9.17945122718811,13.1732359836131,2.32165802580696,11,25
9.187788009643555,13.19296677918061,2.3222152132832403,11,25
9.196114301681519,13.212638564242251,2.328985976315215,11,25
9.204445838928223,13.23227117361205,2.3199572702765865,11,25
9.21277928352356,13.251869820138014,2.327909638189383,11,25
9.22110891342163,13.271429559496445,2.3295966363687954,11,25
9.229440212249756,13.290939049949896,2.340489940573464,11,25
9.237765073776245,13.31040398497921,2.3280742981656504,11,25
9.246111392974854,13.329840954328546,2.3397893868178223,11,25
9.254432201385498,13.349217242836673,2.3236021928362383,11,25
9.262777328491211,13.3685634854951,2.3336936468178084,11,25
9.271103858947754,13.387864749775318,2.312220169544846,11,25
9.279456377029419,13.407142640276433,2.3271630533371344,11,25
9.287790298461914,13.426360551177416,2.316373798753504,11,25
9.29610538482666,13.445562408455249,2.310888911314165,11,25
9.304444313049316,13.464720056750064,2.297486121553354,11,25
9.3127920627594,13.48386147563969,2.288117275193911,11,25
9.321102142333984,13.502955872247922,2.280966577141196,11,25
9.329439401626587,13.522023984365703,2.278135229807713,11,25
9.33778166770935,13.541051986079019,2.2770336698272593,11,25
9.346118450164795,13.560043424310429,2.271371145634607,11,25
9.354441404342651,13.578988089353635,2.285537808420954,11,25
9.362766981124878,13.597888190036812,2.266157958332161,11,25
9.371120691299438,13.616766793724118,2.2729735390869306,11,25
9.37944483757019,13.635593732892119,2.249812215247496,11,25
9.387781858444214,13.654398827127604,2.258330078232401,11,25
9.3961021900177,13.673160464415497,2.237338901583492,11,25
9.40444016456604,13.69190023403326,2.2498398191083733,11,25
9.4127836227417,13.710588580298591,2.243613340707225,11,25
9.421105146408081,13.72925670438706,2.2406195407094627,11,25
9.429449081420898,13.747880646924978,2.230070918083948,11,25
9.437787055969238,13.766479148668408,2.226000823695715,11,25
9.446102857589722,13.785031336779129,2.218013244122754,11,25
9.454451560974121,13.803563417131194,2.1965607457213068,11,25
9.462779760360718,13.822074613569377,2.2015046467913852,11,25
9.471109867095947,13.84055308209007,2.2025216487513344,11,25
9.479446172714233,13.858984719905122,2.2125393918113,11,25
9.487765312194824,13.877374910230749,2.1988190602128377,11,25
9.496117353439331,13.895741725991721,2.2105468987150587,11,25
9.50442886352539,13.91405053923773,2.1935345583021517,11,25
9.512776613235474,13.932332627567499,2.204270328280333,11,25
9.521097183227539,13.950573791886868,2.182958293634782,11,25
9.529448509216309,13.968794540047307,2.1986651807167608,11,25
9.537768125534058,13.986958591924214,2.188336981301376,11,25
9.54610824584961,14.005110788701414,2.1838625380361996,11,25
9.554442167282104,14.023222281791346,2.171386430287894,11,25
9.562790393829346,14.041321371162269,2.163368323241488,11,25
9.57110595703125,14.059377987957207,2.1568386258408045,11,25
9.579452753067017,14.077411632999192,2.145655844607244,11,25
9.587783336639404,14.095437552013165,2.1519056156952723,11,25
9.596115350723267,14.11343289048382,2.153082971567807,11,25
9.60443663597107,14.131384295410236,2.160246947666764,11,25
9.612766027450562,14.149297586140502,2.1441021078822575,11,25
9.621109962463379,14.167189289743408,2.153075891622367,11,25
9.62944507598877,14.185035949646087,2.1350844927222483,11,25
9.63778305053711,14.202857120237356,2.1434126951913224,11,25
9.646111726760864,14.220633189286877,2.125935596963852,11,25
9.654451847076416,14.238388660446287,2.134617015745295,11,25
9.662785530090332,14.256094806667491,2.128239422330219,11,25
9.671114444732666,14.27378444158653,2.1251337398083296,11,25
9.679484367370605,14.291424922450478,2.1178328879486523,11,25
9.687783241271973,14.30904552104837,2.113210708393244,11,25
9.696127653121948,14.326622713430604,2.106499976398861,11,25
9.704452276229858,14.344179652161406,2.089528019605825,11,25
9.712796688079834,14.361720534820927,2.0899048936888827,11,25
9.721115827560425,14.379238825482066,2.089901112098346,11,25
9.72943639755249,14.396714722467273,2.0983028313849337,11,25
9.737766027450562,14.414153762563123,2.083451864903486,11,25
9.746122598648071,14.431574291761033,2.094834381703258,11,25
9.754455804824829,14.448940711969438,2.0772847470724125,11,25
9.762779951095581,14.466283754928986,2.0887188351944093,11,25
9.771100282669067,14.483590193398225,2.067518490795059,11,25
9.779452562332153,14.500879369650638,2.084311278540041,11,25
9.787779331207275,14.518114514722168,2.0751315364832483,11,25
9.796122550964355,14.5353419308565,2.071448871106138,11,25
9.804461479187012,14.552532537774566,2.059809996056521,11,25
9.81279444694519,14.56971542214794,2.053016049385451,11,25
9.821114778518677,14.586861503280801,2.046986075541806,11,25
9.829445838928223,14.603988247607969,2.045897516995321,11,25
9.837790250778198,14.621071326883854,2.0453723558528876,11,25
9.846147298812866,14.638132226733184,2.0405651677178787,11,25
9.854456901550293,14.655158678025023,2.052454875363077,11,25
9.862779140472412,14.67214680515442,2.037434150990631,11,25
9.87112307548523,14.689120917942741,2.0452794764754136,11,25
9.879453897476196,14.70605090133177,2.0232419569487745,11,25
9.88780403137207,14.722967497012155,2.0336491860184376,11,25
9.896104335784912,14.739848563657345,2.012867836386093,11,25
9.904443502426147,14.75671395378106,2.0270608728735424,11,25
9.91278862953186,14.773536562117465,2.0212949473044852,11,25
9.921133995056152,14.790350121479815,2.019222833972656,11,25
9.929455041885376,14.807127046290823,2.0078708105662693,11,25
9.937793016433716,14.823906596245147,1.9750934139336893,11,25
9.946126222610474,14.840699658871134,1.9419681563514513,11,25
9.954444169998169,14.857504591356982,1.9078639012771474,11,25
9.962772130966187,14.874333479725225,1.873640323185185,11,25
9.971105337142944,14.891180660911376,1.83722830400789,11,25
9.979453563690186,14.908059221336307,1.7957189480402345,11,25
9.987783432006836,14.925035987035352,1.890497147547741,11,25
9.996175289154053,14.942007980706052,2.0272512704585623,11,25
10.004494190216064,14.958597348667722,2.1211291711861473,11,25
10.012826681137085,14.974624066499178,2.1525902435164475,11,25
10.021170854568481,14.990193416703972,2.175684434919147,11,25
10.02944564819336,15.005234110629038,2.156561485660505,11,25
10.03777551651001,15.019887577817842,2.123324911320941,11,25
10.046098947525024,15.034107069904735,2.0901344437274605,11,25
10.054457187652588,15.048102584836204,2.051432424817413,11,25
10.062764167785645,15.06164417203809,2.0077745887878926,11,25
10.071101427078247,15.074897041449436,1.9822615776945125,11,25
10.079483985900879,15.087822387418367,1.9370117994305067,11,25
10.08776569366455,15.100363178586031,1.9012583901530784,11,25
10.096148014068604,15.11260783161467,1.8636609917476554,11,25
10.104481220245361,15.124407323540485,1.8291290157490554,11,25
10.112821578979492,15.135982612027746,1.8178678371823611,11,25
10.121159315109253,15.147231568084111,1.8110012862045932,11,25
10.129496812820435,15.158189716777747,1.8199021605358763,11,25
10.13783597946167,15.169141453102052,1.8259081248235933,11,25
10.146178722381592,15.18010411343284,1.8361696752424956,11,25
10.15451955795288,15.191230089630915,1.829187229404597,11,25
10.16285490989685,15.202564780814484,1.8528301960869418,11,25
10.171169996261597,15.214223937967276,1.8637349842477189,11,25
10.17951774597168,15.226107631822826,1.8742185181565927,11,25
10.187845945358276,15.238224036984308,1.8728048566141668,11,25
10.196176052093506,15.250513359172993,1.8556669499500515,11,25
10.204486608505249,15.262948197988605,1.8911259585289646,11,25
10.212785005569458,15.275592637968382,1.899415985198231,11,25
10.2211754322052,15.288317108078688,1.9065146066749137,11,25
10.229488372802734,15.300949357173849,1.9057899429303748,11,25
10.237793684005737,15.31346885980535,1.9184670399842128,11,25
10.246159553527832,15.325928606057541,1.9297672913799124,11,25
10.254478693008423,15.338160540334226,1.9325090541657541,11,25
10.26280689239502,15.350299448095457,1.9364437282487648,11,25
10.271134853363037,15.36218727995768,1.9483624226136138,11,25
10.27949333190918,15.373933892908646,1.9078058165334777,11,25
10.287832736968994,15.386141356182195,1.8055057525205354,11,25
10.296173572540283,15.399037345169303,1.7561925980861,11,25
10.304506540298462,15.412359334930077,1.7653211304856302,11,25
10.312771320343018,15.426061327940214,1.7757635200260962,11,25
10.321165323257446,15.44012100587132,1.788081266666109,11,25
10.329434633255005,15.45449758072399,1.8181527069715708,11,25
10.337812900543213,15.469237710721707,1.8458262105735468,11,25
10.346145391464233,15.484295111226594,1.8692500730122406,11,25
10.354434490203857,15.49969209269824,1.9041518023272808,11,25
10.36275577545166,15.515390615985744,1.9237009175854856,11,25
10.371123552322388,15.531349579080254,1.952671137244153,11,25
10.379450798034668,15.54760478569102,1.9579019298694298,11,25
10.38778567314148,15.564049734960035,1.9646282398497592,11,25
10.396125793457031,15.58068882831724,1.9586769462847486,11,25
10.404460430145264,15.59753507120747,1.9677825843552734,11,25
10.41279911994934,15.61455301320484,1.9648663405117692,11,25
10.42113208770752,15.631686595975998,1.9671502137597585,11,25
10.429452180862427,15.648974326339953,1.964769028132763,11,25
10.437795639038086,15.666365829256382,1.9668467835184376,11,25
10.446157693862915,15.683914630917238,1.9621203861598469,11,25
10.45449686050415,15.701309813096575,1.9650679650749365,11,25
10.4628427028656,15.71851805015427,1.9610226604114687,11,25
10.471173763275146,15.735354197937676,1.9646289952610279,11,25
10.479522466659546,15.752024151096434,1.9583291811623398,11,25
10.487831830978394,15.768483911372291,1.963411632020264,11,25
10.496173620223999,15.784931382713847,1.9570111224390132,11,25
10.504482507705688,15.80129307844361,1.9632045509458125,11,25
10.512836694717407,15.8176522182703,1.965311082667327,11,25
10.521164417266846,15.83398804969402,1.9649399251427426,11,25
10.529505014419556,15.850233636582946,1.9649558473115842,11,25
10.537816047668457,15.866479360908645,1.9644071206630527,11,25
10.546166181564331,15.882640058981139,1.9637575779320278,11,25
10.554491996765137,15.898870288946375,1.9631908764830206,11,25
10.562829494476318,15.915066721575249,1.963973186617652,11,25
10.571153402328491,15.931371642159764,1.961799146423949,11,25
10.579491138458252,15.94761800778896,1.9632675542491704,11,25
10.587812423706055,15.963973425684646,1.9609800367106016,11,25
10.596149682998657,15.980228561698132,1.9624532330895081,11,25
10.604495763778687,15.996560699960309,1.9606324521363452,11,25
10.612852811813354,16.01292689164312,1.9640809275840572,11,25
10.621177911758423,16.0293512746789,1.9662519419716085,11,25
10.629499197006226,16.045803012465157,1.9620890411807874,11,25
10.637813091278076,16.062242284873527,1.965594004704933,11,25
10.646133184432983,16.078680010174665,1.9652473035305265,11,25
10.654507160186768,16.095025837431653,1.9653691677987832,11,25
10.662838697433472,16.111422829194154,1.9640892215446477,11,25
10.671179056167603,16.12773465077309,1.9636957258250558,11,25
10.679508686065674,16.144111968008986,1.9632459093778285,11,25
10.687810182571411,16.16043842646564,1.963960437448973,11,25
10.69615888595581,16.17685718218686,1.962069869658992,11,25
10.704501152038574,16.193180601358105,1.9639319977942304,11,25
10.712851762771606,16.209574802117228,1.9608563283491602,11,25
10.721210241317749,16.225848337149788,1.9634755938674862,11,25
10.729513168334961,16.24218978701486,1.9594123403703585,11,25
10.737880945205688,16.258496545314788,1.9619210112265129,11,25
10.746208190917969,16.27485271179081,1.9653089967249746,11,25
10.754523515701294,16.29123353317975,1.9634973436945178,11,25
10.762849807739258,16.307621071506553,1.9654280583751484,11,25
10.771163702011108,16.32401387441393,1.9651709128748684,11,25
10.779507160186768,16.340324899018853,1.9646374398792654,11,25
10.787853002548218,16.356664905840333,1.9643774851986828,11,25
10.796194314956665,16.372938059708375,1.9639377934312878,11,25
10.804548740386963,16.389285763898943,1.9629679277843843,11,25
10.8128662109375,16.405610449363074,1.9639776271020724,11,25
10.821213006973267,16.422041739210634,1.962022214248757,11,25
10.829535245895386,16.43840722700054,1.9637703155572444,11,25
10.837857484817505,16.454864975592493,1.9609220924187778,11,25
10.846215724945068,16.4711956814902,1.963549666064019,11,25
10.854524612426758,16.487577333914107,1.9593276805688564,11,25
10.862871408462524,16.503921435654174,1.9618616413595318,11,25
10.871205568313599,16.52030124428928,1.9594415192939327,11,25
10.879522323608398,16.536661982274495,1.9622960013117523,11,25
10.887858629226685,16.553049077568854,1.9658112970744372,11,25
10.896189451217651,16.56944339501653,1.9651345535769629,11,25
10.904536247253418,16.585762342195476,1.9659070180552147,11,25
10.912859201431274,16.602098611656793,1.9643468222411427,11,25
10.92119288444519,16.618362289187942,1.9635549537942532,11,25
10.929518938064575,16.634700896599565,1.9633363262504464,11,25
10.937868118286133,16.65102763915715,1.963380584158289,11,25
10.94624376296997,16.66749697974258,1.9616518436802413,11,25
10.954579830169678,16.68388752889769,1.9636102325474503,11,25
10.96284794807434,16.70036102491967,1.9608686089744716,11,25
10.97117805480957,16.716700521610246,1.9629141620474795,11,25
10.979528188705444,16.733102374526986,1.9598460223512306,11,25
10.987884044647217,16.74941155828801,1.9621425114952125,11,25
10.996207475662231,16.765766758779794,1.9612172884067895,11,25
11.004512071609497,16.78204609030843,1.962554359224222,11,25
11.012872695922852,16.798363435579642,1.9647822225028222,11,25
11.021160364151001,16.81469672815764,1.9653566189454963,11,25
11.02949571609497,16.830973862588532,1.9641947432070546,11,25
11.037858963012695,16.84728374789803,1.9643340091874342,11,25
11.046196699142456,16.863525400651675,1.9663027636837063,11,25
11.054512977600098,16.87985467651918,1.9631972862633424,11,25
11.062855243682861,16.896160174885,1.963977908213819,11,25
11.07117486000061,16.912577523778502,1.9620813772341548,11,25
11.079544305801392,16.92892901936858,1.9638769072338034,11,25
11.087839841842651,16.945384658735655,1.9603061930794603,11,25
11.096191644668579,16.961727239166574,1.9636208188586368,11,25
11.104517698287964,16.978137008168098,1.959713619961635,11,25
11.11286211013794,16.994469741980023,1.9625991612677713,11,25
11.121198654174805,17.010865331770727,1.961326882669889,11,25
11.129526853561401,17.027189433185228,1.9621187839555714,11,25
11.137839555740356,17.043554397703623,1.9651577157642746,11,25
11.146177291870117,17.05993502937477,1.9650544899501619,11,25
11.154501676559448,17.076256851400355,1.9641650437649973,11,25
11.16286325454712,17.09260854494396,1.9645317402664948,11,25
11.171201944351196,17.108880876457956,1.9664979071166626,11,25
11.179519653320312,17.125237000183425,1.9631849215746204,11,25
11.187854766845703,17.141564172255418,1.964234000734017,11,25
11.196179151535034,17.15800173110906,1.9621016680776153,11,25
11.204530954360962,17.17436575871219,1.9636579907391056,11,25
11.212844371795654,17.190826622935774,1.9609047807362967,11,25
11.221194505691528,17.207175114114,1.9627939420617062,11,25
11.22952389717102,17.22359931960261,1.9596086423169088,11,25
11.237873315811157,17.23994400201162,1.9622233820255972,11,25
11.246188640594482,17.25634380740708,1.9583290962634556,11,25
11.254501581192017,17.272723379935176,1.9614041200981462,11,25
11.262813806533813,17.289136998268468,1.9659321679496184,11,25
11.271153211593628,17.30555987225879,1.9653055517529159,11,25
11.279521942138672,17.321904752180703,1.9661231394926788,11,25
11.28783130645752,17.338264255734867,1.9642874482808805,11,25
11.296163320541382,17.354546233277574,1.9634968465452192,11,25
11.304492712020874,17.370901413401768,1.96357048443837,11,25
11.312842845916748,17.38723920298458,1.9638963461184766,11,25
11.321180820465088,17.403680979327948,1.9621786381446,11,25
11.329544305801392,17.420042774853552,1.9640977842254257,11,25
11.337849617004395,17.436550947033776,1.9612926846793561,11,25
11.346168994903564,17.452933019246665,1.9628726216356067,11,25
11.354540586471558,17.469373056561622,1.9601472938802174,11,25
11.362890243530273,17.48569102662429,1.9630690684743346,11,25
11.371189832687378,17.502052170303948,1.9569133821797104,11,25
11.379518270492554,17.51836216411446,1.9608826730907465,11,25
11.387856006622314,17.534717525496198,1.9654019497478596,11,25
11.396178245544434,17.551092808959908,1.965273526327438,11,25
11.404508829116821,17.567404058219076,1.964500997579234,11,25
11.412818670272827,17.583731416876265,1.964636442994074,11,25
11.421167850494385,17.599986401281345,1.9637077431957777,11,25
11.429494380950928,17.61631573480897,1.9632770120278764,11,25
11.43783187866211,17.63260697121618,1.963754550005319,11,25
11.446155071258545,17.649002101652354,1.9622449293646653,11,25
11.454479932785034,17.665330360622825,1.963685922871468,11,25
11.462820529937744,17.681760145111973,1.9613105111977331,11,25
11.471151351928711,17.698075103121145,1.9628467861177183,11,25
11.479522466659546,17.714457393758707,1.9599772511264966,11,25
11.487840175628662,17.730776009407325,1.9622579977873242,11,25
11.496176481246948,17.747150678901377,1.959770347916105,11,25
11.504492998123169,17.763515166558275,1.9612428338734795,11,25
11.512814283370972,17.779915253359516,1.966113747319411,11,25
11.521152257919312,17.796328063414602,1.965098651900148,11,25
11.529501676559448,17.812668212015918,1.9659037340891732,11,25
11.537826299667358,17.82902717428323,1.9645589014387081,11,25
11.546162605285645,17.84531314311871,1.9638149128439875,11,25
11.554494619369507,17.86167189507089,1.9635695517025509,11,25
11.562830924987793,17.878013956886228,1.9638890600680103,11,25
11.571167469024658,17.894459098487417,1.962177408796293,11,25
11.57950234413147,17.91082315878031,1.9634455324932154,11,25
11.587836265563965,17.92729944953439,1.961463452373538,11,25
11.596198797225952,17.94366510609426,1.9643490769081318,11,25
11.604513883590698,17.960073554443742,1.960069244586021,11,25
11.612843990325928,17.976355997158823,1.9623991058733115,11,25
11.621158599853516,17.99269544766842,1.957099745121498,11,25
11.629501342773438,18.00901491438099,1.9614481306261844,11,25
11.637827157974243,18.025399052607206,1.9656449475781181,11,25
11.646164178848267,18.041790683114275,1.965410465220856,11,25
11.654518842697144,18.05812340475269,1.9663479396855459,11,25
11.662824630737305,18.074476095547418,1.9643764946458797,11,25
11.671162605285645,18.090756945016203,1.9635896974559977,11,25
11.67949914932251,18.107110384345095,1.9636183340366762,11,25
11.68783450126648,18.123447475615276,1.963940758282712,11,25
11.696167230606079,18.13988832729856,1.962389639025799,11,25
11.704488039016724,18.15624868167665,1.9636986670745746,11,25
11.712817430496216,18.172704575742966,1.9613758689122343,11,25
11.721176385879517,18.18901719048337,1.9632408248023383,11,25
11.729509115219116,18.20537936642431,1.9601773402742408,11,25
11.737844705581665,18.221633190930945,1.9626770296424851,11,25
11.74616265296936,18.23795632145927,1.9571313032960564,11,25
11.754478693008423,18.25426178625231,1.9610004914511523,11,25
11.762829542160034,18.270641711172246,1.965453601871031,11,25
11.771164178848267,18.287055860963957,1.9653024954199139,11,25
11.779507637023926,18.30341342101089,1.9645276891895926,11,25
11.787816524505615,18.319785019429535,1.9647977662501876,11,25
11.796156644821167,18.336082222406493,1.9599908544355353,11,25
11.804510354995728,18.352494809347778,1.9634732758149942,11,25
11.812866926193237,18.36887697360914,1.9638701849116078,11,25
11.82116961479187,18.385287709503505,1.9623839380756196,11,25
11.829495668411255,18.401609379922625,1.9637659478282141,11,25
11.83781886100769,18.418029333227256,1.9612941375436534,11,25
11.846150875091553,18.434333458999816,1.9627695880242737,11,25
11.854481935501099,18.45069741611263,1.9600701853601374,11,25
11.862820863723755,18.46697177557902,1.9621497263941772,11,25
11.871149778366089,18.483308473202364,1.957426359428147,11,25
11.879507064819336,18.49963322744781,1.9614901040614723,11,25
11.887813091278076,18.516027319797146,1.9658020256895692,11,25
11.89615535736084,18.532432942296065,1.9652974509791756,11,25
11.90450668334961,18.54878217409672,1.9662906967264728,11,25
11.912821054458618,18.565154148003707,1.9646424275711356,11,25
11.921155214309692,18.58145440423352,1.963604075087888,11,25
11.929494619369507,18.597778682676708,1.9637715744001634,11,25
11.937833786010742,18.614037194694724,1.9641472981768848,11,25
11.946192264556885,18.630410599973725,1.9622595523934152,11,25
11.954519510269165,18.64673632605476,1.9639670158153737,11,25
11.962839603424072,18.66318944644072,1.961508325293358,11,25
11.971171855926514,18.67955044533346,1.9630593500464706,11,25
11.979501247406006,18.695989346780134,1.9603605325462448,11,25
11.98786187171936,18.712328151969867,1.963100284188788,11,25
11.996163845062256,18.72872556599673,1.9571949517104534,11,25
12.004496812820435,18.74507689302013,1.9608388243028012,11,25
12.012840270996094,18.761475202131354,1.96527764793489,11,25
12.021172285079956,18.777894999440996,1.9655024927035842,11,25
12.029505252838135,18.794248627696604,1.964514466207349,11,25
12.037811279296875,18.81061634533735,1.9647173843476728,11,25
12.046162843704224,18.826907063126413,1.9637978348907756,11,25
12.054494857788086,18.843226792007094,1.9637046249442192,11,25
12.062831401824951,18.859486303844854,1.9639287746873468,11,25
12.071173906326294,18.875859408550987,1.9624423654384333,11,25
12.07949686050415,18.892174468663963,1.9638809368658765,11,25
12.087839841842651,18.90860313935617,1.9612938914731475,11,25
12.096194505691528,18.92492615190289,1.9625992173583284,11,25
12.104506015777588,18.94131875889911,1.960167334176549,11,25
12.112843751907349,18.957612491912755,1.9626573038075739,11,25
12.121160745620728,18.973975875351865,1.9575806859022102,11,25
12.129500150680542,18.990328182698395,1.9612059307586096,11,25
12.137815952301025,19.006751050361313,1.9659147752301638,11,25
12.14617133140564,19.02318347734496,1.9652269648550522,11,25
12.154520273208618,19.039555514396536,1.9658619597147304,11,25
12.16282868385315,19.055947162737713,1.9648686769265487,11,25
12.17117714881897,19.07226526928422,1.9636930917204856,11,25
12.17948031425476,19.08853582923308,1.9842962635103942,11,25
12.187839984893799,19.104415142810975,1.9570376164564158,11,25
12.196168661117554,19.119719436049454,1.9525780781978508,11,25
12.204515218734741,19.134844656011193,1.9605373024750739,11,25
12.212839365005493,19.149988699454454,1.9564357765083737,11,25
12.221169471740723,19.165228433774235,1.9594074329222635,11,25
12.229503154754639,19.18063171143706,1.9606244612886874,11,25
12.237831115722656,19.196141524024245,1.9627096658599503,11,25
12.246157884597778,19.21182762030125,1.9606551861179646,11,25
12.254488945007324,19.227704500031816,1.9580187277523764,11,25
12.262831687927246,19.243767357381813,1.9622831890062125,11,25
12.271158218383789,19.260046660497576,1.9607728192609395,11,25
12.279484510421753,19.276510379499694,1.9646249243094909,11,25
12.287821054458618,19.293142549390115,1.9637569402474604,11,25
12.296151399612427,19.309900864919555,1.9663459925641826,11,25
12.30452036857605,19.326835657681475,1.9655990041682951,11,25
12.312844276428223,19.343851494631284,1.965277865242357,11,25
12.321170568466187,19.36083750670487,1.9617403272013982,11,25
12.329525470733643,19.377579228276467,1.96410898318915,11,25
12.337845802307129,19.394279177739968,1.9586840849677296,11,25
12.346184253692627,19.410809446899826,1.9629301330725668,11,25
12.354465007781982,19.42736652003588,1.9732696089244712,11,25
12.362845659255981,19.44384352510454,1.962703324829742,11,25
12.371180534362793,19.46028761065761,1.966238308997998,11,25
12.379523038864136,19.476724137680325,1.965253495198799,11,25
12.387849569320679,19.49308135102562,1.9662123702658731,11,25
12.396179437637329,19.50944980074262,1.9646412999208487,11,25
12.404516220092773,19.52570730529303,1.9671325795254984,11,25
12.412846326828003,19.542036265731667,1.963443188183081,11,25
12.421186685562134,19.558328076375684,1.9641976488265709,11,25
12.429514646530151,19.57472227966882,1.962063645001514,11,25
12.437845468521118,19.59102138421387,1.9291885560364632,11,25
12.446159601211548,19.607278568173435,1.8685579532170125,11,25
12.45449185371399,19.623491384455583,1.8316682854862816,11,25
12.462812900543213,19.63974654811671,1.8330903772716094,11,25
12.471129179000854,19.656075265144427,1.827507189372723,11,25
12.479471206665039,19.6724006480765,1.8439716291797654,11,25
12.487787961959839,19.688762180645423,1.8691685660576627,11,25
12.496157169342041,19.70515658490527,1.934447424092192,11,25
12.504496812820435,19.72170659754242,1.9602196557423073,11,25
12.51279091835022,19.73826885570289,1.9694852660392443,11,25
12.521167993545532,19.754705338322132,1.9666614666821387,11,25
12.529479026794434,19.771016440415284,1.9619509395881318,11,25
12.537832021713257,19.787285716348787,1.9649005505889716,11,25
12.54614782333374,19.80344143719619,1.9598553244048547,11,25
12.554523706436157,19.81959928653189,1.9638229648458396,11,25
12.562823057174683,19.835666754587024,1.9560055539291548,11,25
12.571195125579834,19.85178520001806,1.9624275269608096,11,25
12.579530954360962,19.867845412916957,1.9634678905842153,11,25
12.587852716445923,19.883998697960003,1.9617317708721174,11,25
12.596203327178955,19.900140530786658,1.9630702161168965,11,25
12.604537725448608,19.916406036925487,1.958577929008189,11,25
12.612865924835205,19.93262283621959,1.9624723373856663,11,25
12.621155023574829,19.948934366906524,1.9626473355455356,11,25
12.629472255706787,19.965237695995427,1.9646087112733048,11,25
12.637839078903198,19.98154895810044,1.9611177140553966,11,25
12.646154880523682,19.99790561677723,1.965383908545334,11,25
